{"cameraMode":{"drawMode":0,"name":"Shaded","section":"Shading Mode"},"sceneLighting":true,"audioPlay":false,"sceneViewState":{"showFog":true,"showMaterialUpdate":true,"showSkybox":true,"showFlares":true,"showImageEffects":true,"showParticleSystems":true},"in2DMode":false,"pivot":{"x":6.60698938369751,"y":3.6965885162353517,"z":3.6951494216918947},"rotation":{"x":0.0222262404859066,"y":0.8936666250228882,"z":-0.4459962844848633,"w":0.044539675116539},"size":9.57447338104248,"orthographic":false}