{"cameraMode":{"drawMode":0,"name":"Shaded","section":"Shading Mode"},"sceneLighting":true,"audioPlay":false,"sceneViewState":{"showFog":true,"showMaterialUpdate":true,"showSkybox":true,"showFlares":true,"showImageEffects":true,"showParticleSystems":true},"in2DMode":false,"pivot":{"x":2.994830369949341,"y":3.7514097690582277,"z":-1.2651053667068482},"rotation":{"x":-0.4122363328933716,"y":0.313093900680542,"z":-0.1533256471157074,"w":-0.8417576551437378},"size":3.9243276119232179,"orthographic":false}