{"cameraMode":{"drawMode":0,"name":"Shaded","section":"Shading Mode"},"sceneLighting":false,"audioPlay":false,"sceneViewState":{"showFog":true,"showMaterialUpdate":true,"showSkybox":false,"showFlares":true,"showImageEffects":true,"showParticleSystems":true},"in2DMode":false,"pivot":{"x":533.4887084960938,"y":452.5,"z":0.1389453262090683},"rotation":{"x":0.30564790964126589,"y":-0.4837958514690399,"z":0.18508857488632203,"w":0.7989175915718079},"size":2311.081787109375,"orthographic":false}