{"cameraMode":{"drawMode":0,"name":"Shaded","section":"Shading Mode"},"sceneLighting":false,"audioPlay":false,"sceneViewState":{"showFog":true,"showMaterialUpdate":true,"showSkybox":false,"showFlares":true,"showImageEffects":true,"showParticleSystems":true},"in2DMode":false,"pivot":{"x":-0.0000011920928955078126,"y":7.279189390466644e-23,"z":0.0000019073486328125},"rotation":{"x":0.4634333848953247,"y":0.33241236209869387,"z":-0.1929401308298111,"w":0.7984470725059509},"size":4.666659355163574,"orthographic":false}