{"cameraMode":{"drawMode":0,"name":"Shaded","section":"Shading Mode"},"sceneLighting":false,"audioPlay":false,"sceneViewState":{"showFog":true,"showMaterialUpdate":true,"showSkybox":false,"showFlares":true,"showImageEffects":true,"showParticleSystems":true},"in2DMode":false,"pivot":{"x":-0.000004842877388000488,"y":1.2236435413360596,"z":-0.6166887879371643},"rotation":{"x":0.140435591340065,"y":0.6325374841690064,"z":-0.11804165691137314,"w":0.752498984336853},"size":5.714602470397949,"orthographic":false}