{"cameraMode":{"drawMode":0,"name":"Shaded","section":"Shading Mode"},"sceneLighting":true,"audioPlay":false,"sceneViewState":{"showFog":true,"showMaterialUpdate":true,"showSkybox":true,"showFlares":true,"showImageEffects":true,"showParticleSystems":true},"in2DMode":false,"pivot":{"x":2.8463921546936037,"y":3.1046581268310549,"z":4.108528137207031},"rotation":{"x":0.014054951258003712,"y":0.9060028195381165,"z":-0.42199692130088808,"w":0.030179232358932496},"size":13.029532432556153,"orthographic":false}