{"cameraMode":{"drawMode":0,"name":"Shaded","section":"Shading Mode"},"sceneLighting":false,"audioPlay":false,"sceneViewState":{"showFog":true,"showMaterialUpdate":false,"showSkybox":false,"showFlares":true,"showImageEffects":true,"showParticleSystems":true},"in2DMode":false,"pivot":{"x":0.000001430511474609375,"y":1.1839739084243775,"z":-0.011520564556121827},"rotation":{"x":0.3339044749736786,"y":0.016965674236416818,"z":-0.006010932382196188,"w":0.9424355030059815},"size":6.618454933166504,"orthographic":false}