{"cameraMode":{"drawMode":0,"name":"Shaded","section":"Shading Mode"},"sceneLighting":true,"audioPlay":false,"sceneViewState":{"showFog":true,"showMaterialUpdate":false,"showSkybox":true,"showFlares":true,"showImageEffects":true,"showParticleSystems":true},"in2DMode":false,"pivot":{"x":1.3426322937011719,"y":5.254338264465332,"z":0.698338508605957},"rotation":{"x":0.32118576765060427,"y":-0.009943424724042416,"z":0.0033725746907293798,"w":0.9469577670097351},"size":11.891363143920899,"orthographic":false}