{"cameraMode":{"drawMode":0,"name":"Shaded","section":"Shading Mode"},"sceneLighting":true,"audioPlay":false,"sceneViewState":{"showFog":true,"showMaterialUpdate":false,"showSkybox":true,"showFlares":true,"showImageEffects":true,"showParticleSystems":true},"in2DMode":false,"pivot":{"x":11.976847648620606,"y":0.6869213581085205,"z":-0.5773000717163086},"rotation":{"x":0.42678746581077578,"y":-0.014921046793460846,"z":0.007043427787721157,"w":0.9042052030563355},"size":22.989999771118165,"orthographic":false}