{"cameraMode":{"drawMode":0,"name":"Shaded","section":"Shading Mode"},"sceneLighting":true,"audioPlay":false,"sceneViewState":{"showFog":true,"showMaterialUpdate":false,"showSkybox":true,"showFlares":true,"showImageEffects":true,"showParticleSystems":true},"in2DMode":false,"pivot":{"x":643.2022705078125,"y":387.04803466796877,"z":4.08453369140625},"rotation":{"x":0.30101922154426577,"y":0.03717928007245064,"z":-0.011744989082217217,"w":0.9528251886367798},"size":1939.733154296875,"orthographic":false}