{"cameraMode":{"drawMode":0,"name":"Shaded","section":"Shading Mode"},"sceneLighting":false,"audioPlay":false,"sceneViewState":{"showFog":true,"showMaterialUpdate":false,"showSkybox":false,"showFlares":true,"showImageEffects":true,"showParticleSystems":true},"in2DMode":false,"pivot":{"x":0.5403664112091065,"y":1.2293548583984376,"z":0.8786193132400513},"rotation":{"x":0.2650269567966461,"y":-0.4055604040622711,"z":0.12412259727716446,"w":0.8659530282020569},"size":2.714601755142212,"orthographic":false}