{"cameraMode":{"drawMode":0,"name":"Shaded","section":"Shading Mode"},"sceneLighting":true,"audioPlay":false,"sceneViewState":{"showFog":true,"showMaterialUpdate":false,"showSkybox":true,"showFlares":true,"showImageEffects":true,"showParticleSystems":true},"in2DMode":false,"pivot":{"x":0.9999980926513672,"y":26.000003814697267,"z":33.7451057434082},"rotation":{"x":0.1431000977754593,"y":-0.07415434718132019,"z":0.010753439739346505,"w":0.9868723154067993},"size":146.63064575195313,"orthographic":false}