{"cameraMode":{"drawMode":0,"name":"Shaded","section":"Shading Mode"},"sceneLighting":false,"audioPlay":false,"sceneViewState":{"showFog":true,"showMaterialUpdate":false,"showSkybox":false,"showFlares":true,"showImageEffects":true,"showParticleSystems":true},"in2DMode":false,"pivot":{"x":2.6786935329437258,"y":0.3316631317138672,"z":-8.940696716308594e-8},"rotation":{"x":0.3760221004486084,"y":0.0013899150071665645,"z":-0.0005640332237817347,"w":0.9266095161437988},"size":2.977424383163452,"orthographic":false}