{"cameraMode":{"drawMode":0,"name":"Shaded","section":"Shading Mode"},"sceneLighting":true,"audioPlay":false,"sceneViewState":{"showFog":true,"showMaterialUpdate":false,"showSkybox":true,"showFlares":true,"showImageEffects":true,"showParticleSystems":true},"in2DMode":false,"pivot":{"x":4.089998245239258,"y":-4.04231071472168,"z":-4.3375444412231449},"rotation":{"x":0.6115604043006897,"y":0.07445633411407471,"z":-0.057965103536844257,"w":0.7855507731437683},"size":27.085344314575197,"orthographic":false}