{"cameraMode":{"drawMode":0,"name":"Shaded","section":"Shading Mode"},"sceneLighting":false,"audioPlay":false,"sceneViewState":{"showFog":true,"showMaterialUpdate":false,"showSkybox":false,"showFlares":true,"showImageEffects":true,"showParticleSystems":true},"in2DMode":false,"pivot":{"x":0.042138487100601199,"y":0.09297946095466614,"z":-0.10192437469959259},"rotation":{"x":0.2948590815067291,"y":0.2918590307235718,"z":-0.09510212391614914,"w":0.9048932790756226},"size":2.914186477661133,"orthographic":false}